LocationName,Latitude,Longitude
Shivaji Nagar,18.5314,73.8446
Swargate,18.5018,73.8636
Kothrud,18.5074,73.8077
Hinjewadi,18.5913,73.7389
Viman Nagar,18.5679,73.9143
Pune Railway Station,18.5284,73.8738
Baner,18.5590,73.7868
Pune University,18.5529,73.8252
Pune Airport,18.5822,73.9197
PCMC,18.6278,73.8020
Sant Tukaram Nagar,18.6210,73.8150
Nashik Phata,18.6050,73.8200
Kasarwadi,18.6015,73.8205
Phugewadi,18.5920,73.8260
Dapodi,18.5800,73.8340
Bopodi,18.5670,73.8380
Khadki,18.5580,73.8420
Range Hill,18.5450,73.8460
District Court,18.5270,73.8560
Kasba Peth,18.5220,73.8565
Mahatma Phule Mandai,18.5140,73.8570
Vanaz,18.5075,73.8000
Anand Nagar,18.5020,73.8150
Paud Phata,18.5080,73.8270
S.N.D.T College,18.5100,73.8320
Garware College,18.5150,73.8400
Deccan Gymkhana,18.5155,73.8420
Chhatrapati Sambhaji Udyan,18.5170,73.8450
PMC,18.5220,73.8510
R.T.O Pune,18.5300,73.8620
Ruby Hall Clinic,18.5340,73.8820
Bund Garden,18.5380,73.8860
Yerawada,18.5450,73.8920
Kalyani Nagar,18.5480,73.9030
Ramwadi,18.5520,73.9160
Test City,18.5,73.8
